"행정구역(시군구)별","성별","연령별",2024
"전국","계","계",51037252.5
"전국","계","0 - 4세",1302901
"전국","계","5 - 9세",1932012
"전국","계","10 - 14세",2324788.5
"전국","계","15 - 19세",2304289.5
"전국","계","20 - 24세",2715177.5
"전국","계","25 - 29세",3345302.5
"전국","계","30 - 34세",3426128
"전국","계","35 - 39세",3145432
"전국","계","40 - 44세",3942230
"전국","계","45 - 49세",3830094
"전국","계","50 - 54세",4434533.5
"전국","계","55 - 59세",4201489.5
"전국","계","60 - 64세",4177398.5
"전국","계","65 - 69세",3502182
"전국","계","70 - 74세",2324531.5
"전국","계","75 - 79세",1737959
"전국","계","80세 이상",2390803.5
"전국","계","80 - 84세",1332256.5
"전국","계","85세 이상",1058547
"전국","계","85 - 89세",737135.5
"전국","계","90 - 94세",257365.5
"전국","계","95 - 99세",55929
"전국","계","100세 이상",8117
"전국","남자","계",25400503
"전국","남자","0 - 4세",667110
"전국","남자","5 - 9세",990610.5
"전국","남자","10 - 14세",1193452
"전국","남자","15 - 19세",1187034.5
"전국","남자","20 - 24세",1410684.5
"전국","남자","25 - 29세",1749087
"전국","남자","30 - 34세",1802576
"전국","남자","35 - 39세",1620174
"전국","남자","40 - 44세",2005710
"전국","남자","45 - 49세",1942249.5
"전국","남자","50 - 54세",2243646.5
"전국","남자","55 - 59세",2105625.5
"전국","남자","60 - 64세",2075897.5
"전국","남자","65 - 69세",1703153
"전국","남자","70 - 74세",1092697
"전국","남자","75 - 79세",776189.5
"전국","남자","80세 이상",834606
"전국","남자","80 - 84세",521935
"전국","남자","85세 이상",312671
"전국","남자","85 - 89세",238765.5
"전국","남자","90 - 94세",62485
"전국","남자","95 - 99세",10087
"전국","남자","100세 이상",1333.5
"전국","여자","계",25636749.5
"전국","여자","0 - 4세",635791
"전국","여자","5 - 9세",941401.5
"전국","여자","10 - 14세",1131336.5
"전국","여자","15 - 19세",1117255
"전국","여자","20 - 24세",1304493
"전국","여자","25 - 29세",1596215.5
"전국","여자","30 - 34세",1623552
"전국","여자","35 - 39세",1525258
"전국","여자","40 - 44세",1936520
"전국","여자","45 - 49세",1887844.5
"전국","여자","50 - 54세",2190887
"전국","여자","55 - 59세",2095864
"전국","여자","60 - 64세",2101501
"전국","여자","65 - 69세",1799029
"전국","여자","70 - 74세",1231834.5
"전국","여자","75 - 79세",961769.5
"전국","여자","80세 이상",1556197.5
"전국","여자","80 - 84세",810321.5
"전국","여자","85세 이상",745876
"전국","여자","85 - 89세",498370
"전국","여자","90 - 94세",194880.5
"전국","여자","95 - 99세",45842
"전국","여자","100세 이상",6783.5
"서울특별시","계","계",9288119
"서울특별시","계","0 - 4세",207902.5
"서울특별시","계","5 - 9세",290336.5
"서울특별시","계","10 - 14세",352599
"서울특별시","계","15 - 19세",372385.5
"서울특별시","계","20 - 24세",540958
"서울특별시","계","25 - 29세",786238
"서울특별시","계","30 - 34세",783490.5
"서울특별시","계","35 - 39세",643327.5
"서울특별시","계","40 - 44세",716405
"서울특별시","계","45 - 49세",671810.5
"서울특별시","계","50 - 54세",774897
"서울특별시","계","55 - 59세",696882.5
"서울특별시","계","60 - 64세",690923.5
"서울특별시","계","65 - 69세",615615.5
"서울특별시","계","70 - 74세",423867
"서울특별시","계","75 - 79세",327072.5
"서울특별시","계","80세 이상",393408
"서울특별시","계","80 - 84세",230572
"서울특별시","계","85세 이상",162836
"서울특별시","계","85 - 89세",114558.5
"서울특별시","계","90 - 94세",38085.5
"서울특별시","계","95 - 99세",8865
"서울특별시","계","100세 이상",1327
"서울특별시","남자","계",4486066.5
"서울특별시","남자","0 - 4세",106740.5
"서울특별시","남자","5 - 9세",148811.5
"서울특별시","남자","10 - 14세",181113
"서울특별시","남자","15 - 19세",189986
"서울특별시","남자","20 - 24세",253312.5
"서울특별시","남자","25 - 29세",373857
"서울특별시","남자","30 - 34세",393071
"서울특별시","남자","35 - 39세",320819.5
"서울특별시","남자","40 - 44세",355381
"서울특별시","남자","45 - 49세",330694
"서울특별시","남자","50 - 54세",382045
"서울특별시","남자","55 - 59세",340194
"서울특별시","남자","60 - 64세",330952
"서울특별시","남자","65 - 69세",286904.5
"서울특별시","남자","70 - 74세",194370.5
"서울특별시","남자","75 - 79세",145187
"서울특별시","남자","80세 이상",152627.5
"서울특별시","남자","80 - 84세",97849
"서울특별시","남자","85세 이상",54778.5
"서울특별시","남자","85 - 89세",41851.5
"서울특별시","남자","90 - 94세",10696.5
"서울특별시","남자","95 - 99세",1948
"서울특별시","남자","100세 이상",282.5
"서울특별시","여자","계",4802052.5
"서울특별시","여자","0 - 4세",101162
"서울특별시","여자","5 - 9세",141525
"서울특별시","여자","10 - 14세",171486
"서울특별시","여자","15 - 19세",182399.5
"서울특별시","여자","20 - 24세",287645.5
"서울특별시","여자","25 - 29세",412381
"서울특별시","여자","30 - 34세",390419.5
"서울특별시","여자","35 - 39세",322508
"서울특별시","여자","40 - 44세",361024
"서울특별시","여자","45 - 49세",341116.5
"서울특별시","여자","50 - 54세",392852
"서울특별시","여자","55 - 59세",356688.5
"서울특별시","여자","60 - 64세",359971.5
"서울특별시","여자","65 - 69세",328711
"서울특별시","여자","70 - 74세",229496.5
"서울특별시","여자","75 - 79세",181885.5
"서울특별시","여자","80세 이상",240780.5
"서울특별시","여자","80 - 84세",132723
"서울특별시","여자","85세 이상",108057.5
"서울특별시","여자","85 - 89세",72707
"서울특별시","여자","90 - 94세",27389
"서울특별시","여자","95 - 99세",6917
"서울특별시","여자","100세 이상",1044.5
"부산광역시","계","계",3266012
"부산광역시","계","0 - 4세",73235.5
"부산광역시","계","5 - 9세",114749.5
"부산광역시","계","10 - 14세",134569.5
"부산광역시","계","15 - 19세",128223
"부산광역시","계","20 - 24세",167784
"부산광역시","계","25 - 29세",199344
"부산광역시","계","30 - 34세",203108
"부산광역시","계","35 - 39세",185150
"부산광역시","계","40 - 44세",243227.5
"부산광역시","계","45 - 49세",231595
"부산광역시","계","50 - 54세",270167.5
"부산광역시","계","55 - 59세",265532
"부산광역시","계","60 - 64세",288626
"부산광역시","계","65 - 69세",269382.5
"부산광역시","계","70 - 74세",190565
"부산광역시","계","75 - 79세",137247
"부산광역시","계","80세 이상",163506
"부산광역시","계","80 - 84세",97956
"부산광역시","계","85세 이상",65550
"부산광역시","계","85 - 89세",47076
"부산광역시","계","90 - 94세",14805
"부산광역시","계","95 - 99세",3265.5
"부산광역시","계","100세 이상",403.5
"부산광역시","남자","계",1590034.5
"부산광역시","남자","0 - 4세",37586
"부산광역시","남자","5 - 9세",58722.5
"부산광역시","남자","10 - 14세",69071
"부산광역시","남자","15 - 19세",65768.5
"부산광역시","남자","20 - 24세",85754
"부산광역시","남자","25 - 29세",102369.5
"부산광역시","남자","30 - 34세",105549.5
"부산광역시","남자","35 - 39세",94547
"부산광역시","남자","40 - 44세",122933
"부산광역시","남자","45 - 49세",116745.5
"부산광역시","남자","50 - 54세",133711
"부산광역시","남자","55 - 59세",127895
"부산광역시","남자","60 - 64세",136414.5
"부산광역시","남자","65 - 69세",125904.5
"부산광역시","남자","70 - 74세",87340.5
"부산광역시","남자","75 - 79세",60608.5
"부산광역시","남자","80세 이상",59114
"부산광역시","남자","80 - 84세",39313.5
"부산광역시","남자","85세 이상",19800.5
"부산광역시","남자","85 - 89세",15614.5
"부산광역시","남자","90 - 94세",3610.5
"부산광역시","남자","95 - 99세",524.5
"부산광역시","남자","100세 이상",51
"부산광역시","여자","계",1675977.5
"부산광역시","여자","0 - 4세",35649.5
"부산광역시","여자","5 - 9세",56027
"부산광역시","여자","10 - 14세",65498.5
"부산광역시","여자","15 - 19세",62454.5
"부산광역시","여자","20 - 24세",82030
"부산광역시","여자","25 - 29세",96974.5
"부산광역시","여자","30 - 34세",97558.5
"부산광역시","여자","35 - 39세",90603
"부산광역시","여자","40 - 44세",120294.5
"부산광역시","여자","45 - 49세",114849.5
"부산광역시","여자","50 - 54세",136456.5
"부산광역시","여자","55 - 59세",137637
"부산광역시","여자","60 - 64세",152211.5
"부산광역시","여자","65 - 69세",143478
"부산광역시","여자","70 - 74세",103224.5
"부산광역시","여자","75 - 79세",76638.5
"부산광역시","여자","80세 이상",104392
"부산광역시","여자","80 - 84세",58642.5
"부산광역시","여자","85세 이상",45749.5
"부산광역시","여자","85 - 89세",31461.5
"부산광역시","여자","90 - 94세",11194.5
"부산광역시","여자","95 - 99세",2741
"부산광역시","여자","100세 이상",352.5
"대구광역시","계","계",2361081.5
"대구광역시","계","0 - 4세",56224.5
"대구광역시","계","5 - 9세",90052.5
"대구광역시","계","10 - 14세",106599
"대구광역시","계","15 - 19세",106510
"대구광역시","계","20 - 24세",129361.5
"대구광역시","계","25 - 29세",145378
"대구광역시","계","30 - 34세",146713.5
"대구광역시","계","35 - 39세",133597.5
"대구광역시","계","40 - 44세",172950.5
"대구광역시","계","45 - 49세",175602
"대구광역시","계","50 - 54세",210577.5
"대구광역시","계","55 - 59세",206315.5
"대구광역시","계","60 - 64세",202408
"대구광역시","계","65 - 69세",166794
"대구광역시","계","70 - 74세",117120
"대구광역시","계","75 - 79세",82876.5
"대구광역시","계","80세 이상",112001
"대구광역시","계","80 - 84세",64626.5
"대구광역시","계","85세 이상",47374.5
"대구광역시","계","85 - 89세",33952
"대구광역시","계","90 - 94세",11079.5
"대구광역시","계","95 - 99세",2091
"대구광역시","계","100세 이상",252
"대구광역시","남자","계",1158255
"대구광역시","남자","0 - 4세",28903.5
"대구광역시","남자","5 - 9세",46178
"대구광역시","남자","10 - 14세",54625.5
"대구광역시","남자","15 - 19세",55208.5
"대구광역시","남자","20 - 24세",68077
"대구광역시","남자","25 - 29세",76491
"대구광역시","남자","30 - 34세",78725.5
"대구광역시","남자","35 - 39세",70649
"대구광역시","남자","40 - 44세",85860.5
"대구광역시","남자","45 - 49세",86721.5
"대구광역시","남자","50 - 54세",102763.5
"대구광역시","남자","55 - 59세",100322.5
"대구광역시","남자","60 - 64세",97476.5
"대구광역시","남자","65 - 69세",78863
"대구광역시","남자","70 - 74세",52910.5
"대구광역시","남자","75 - 79세",35545.5
"대구광역시","남자","80세 이상",38933.5
"대구광역시","남자","80 - 84세",24753
"대구광역시","남자","85세 이상",14180.5
"대구광역시","남자","85 - 89세",11025.5
"대구광역시","남자","90 - 94세",2761.5
"대구광역시","남자","95 - 99세",363.5
"대구광역시","남자","100세 이상",30
"대구광역시","여자","계",1202826.5
"대구광역시","여자","0 - 4세",27321
"대구광역시","여자","5 - 9세",43874.5
"대구광역시","여자","10 - 14세",51973.5
"대구광역시","여자","15 - 19세",51301.5
"대구광역시","여자","20 - 24세",61284.5
"대구광역시","여자","25 - 29세",68887
"대구광역시","여자","30 - 34세",67988
"대구광역시","여자","35 - 39세",62948.5
"대구광역시","여자","40 - 44세",87090
"대구광역시","여자","45 - 49세",88880.5
"대구광역시","여자","50 - 54세",107814
"대구광역시","여자","55 - 59세",105993
"대구광역시","여자","60 - 64세",104931.5
"대구광역시","여자","65 - 69세",87931
"대구광역시","여자","70 - 74세",64209.5
"대구광역시","여자","75 - 79세",47331
"대구광역시","여자","80세 이상",73067.5
"대구광역시","여자","80 - 84세",39873.5
"대구광역시","여자","85세 이상",33194
"대구광역시","여자","85 - 89세",22926.5
"대구광역시","여자","90 - 94세",8318
"대구광역시","여자","95 - 99세",1727.5
"대구광역시","여자","100세 이상",222
"인천광역시","계","계",2993657.5
"인천광역시","계","0 - 4세",82058
"인천광역시","계","5 - 9세",116607
"인천광역시","계","10 - 14세",137600
"인천광역시","계","15 - 19세",134303.5
"인천광역시","계","20 - 24세",156240.5
"인천광역시","계","25 - 29세",200339.5
"인천광역시","계","30 - 34세",217616.5
"인천광역시","계","35 - 39세",197713.5
"인천광역시","계","40 - 44세",244604.5
"인천광역시","계","45 - 49세",230176.5
"인천광역시","계","50 - 54세",261140.5
"인천광역시","계","55 - 59세",251012
"인천광역시","계","60 - 64세",251306
"인천광역시","계","65 - 69세",196557
"인천광역시","계","70 - 74세",117670
"인천광역시","계","75 - 79세",86699.5
"인천광역시","계","80세 이상",112013
"인천광역시","계","80 - 84세",61863.5
"인천광역시","계","85세 이상",50149.5
"인천광역시","계","85 - 89세",34198
"인천광역시","계","90 - 94세",12525
"인천광역시","계","95 - 99세",2959
"인천광역시","계","100세 이상",467.5
"인천광역시","남자","계",1494926
"인천광역시","남자","0 - 4세",42050
"인천광역시","남자","5 - 9세",59778.5
"인천광역시","남자","10 - 14세",70601.5
"인천광역시","남자","15 - 19세",68848.5
"인천광역시","남자","20 - 24세",80647.5
"인천광역시","남자","25 - 29세",103889
"인천광역시","남자","30 - 34세",113984.5
"인천광역시","남자","35 - 39세",102426.5
"인천광역시","남자","40 - 44세",125860.5
"인천광역시","남자","45 - 49세",117938.5
"인천광역시","남자","50 - 54세",131288.5
"인천광역시","남자","55 - 59세",123320
"인천광역시","남자","60 - 64세",124984.5
"인천광역시","남자","65 - 69세",95972
"인천광역시","남자","70 - 74세",56045.5
"인천광역시","남자","75 - 79세",38921.5
"인천광역시","남자","80세 이상",38369
"인천광역시","남자","80 - 84세",24147.5
"인천광역시","남자","85세 이상",14221.5
"인천광역시","남자","85 - 89세",10767.5
"인천광역시","남자","90 - 94세",2855.5
"인천광역시","남자","95 - 99세",507
"인천광역시","남자","100세 이상",91.5
"인천광역시","여자","계",1498731.5
"인천광역시","여자","0 - 4세",40008
"인천광역시","여자","5 - 9세",56828.5
"인천광역시","여자","10 - 14세",66998.5
"인천광역시","여자","15 - 19세",65455
"인천광역시","여자","20 - 24세",75593
"인천광역시","여자","25 - 29세",96450.5
"인천광역시","여자","30 - 34세",103632
"인천광역시","여자","35 - 39세",95287
"인천광역시","여자","40 - 44세",118744
"인천광역시","여자","45 - 49세",112238
"인천광역시","여자","50 - 54세",129852
"인천광역시","여자","55 - 59세",127692
"인천광역시","여자","60 - 64세",126321.5
"인천광역시","여자","65 - 69세",100585
"인천광역시","여자","70 - 74세",61624.5
"인천광역시","여자","75 - 79세",47778
"인천광역시","여자","80세 이상",73644
"인천광역시","여자","80 - 84세",37716
"인천광역시","여자","85세 이상",35928
"인천광역시","여자","85 - 89세",23430.5
"인천광역시","여자","90 - 94세",9669.5
"인천광역시","여자","95 - 99세",2452
"인천광역시","여자","100세 이상",376
"광주광역시","계","계",1409318
"광주광역시","계","0 - 4세",37496
"광주광역시","계","5 - 9세",58791
"광주광역시","계","10 - 14세",72594
"광주광역시","계","15 - 19세",73793
"광주광역시","계","20 - 24세",87790
"광주광역시","계","25 - 29세",98261
"광주광역시","계","30 - 34세",90930
"광주광역시","계","35 - 39세",82263
"광주광역시","계","40 - 44세",110822
"광주광역시","계","45 - 49세",111500
"광주광역시","계","50 - 54세",126290.5
"광주광역시","계","55 - 59세",114391
"광주광역시","계","60 - 64세",104460.5
"광주광역시","계","65 - 69세",82522
"광주광역시","계","70 - 74세",56376
"광주광역시","계","75 - 79세",44769.5
"광주광역시","계","80세 이상",56268.5
"광주광역시","계","80 - 84세",32188.5
"광주광역시","계","85세 이상",24080
"광주광역시","계","85 - 89세",16729.5
"광주광역시","계","90 - 94세",5901
"광주광역시","계","95 - 99세",1263
"광주광역시","계","100세 이상",186.5
"광주광역시","남자","계",695116.5
"광주광역시","남자","0 - 4세",19057.5
"광주광역시","남자","5 - 9세",30142.5
"광주광역시","남자","10 - 14세",37392.5
"광주광역시","남자","15 - 19세",38139.5
"광주광역시","남자","20 - 24세",45847
"광주광역시","남자","25 - 29세",51223
"광주광역시","남자","30 - 34세",47695.5
"광주광역시","남자","35 - 39세",41822
"광주광역시","남자","40 - 44세",55417.5
"광주광역시","남자","45 - 49세",55260.5
"광주광역시","남자","50 - 54세",62533.5
"광주광역시","남자","55 - 59세",56311.5
"광주광역시","남자","60 - 64세",50537
"광주광역시","남자","65 - 69세",38871
"광주광역시","남자","70 - 74세",25414
"광주광역시","남자","75 - 79세",19414
"광주광역시","남자","80세 이상",20038
"광주광역시","남자","80 - 84세",12794
"광주광역시","남자","85세 이상",7244
"광주광역시","남자","85 - 89세",5583.5
"광주광역시","남자","90 - 94세",1416
"광주광역시","남자","95 - 99세",225.5
"광주광역시","남자","100세 이상",19
"광주광역시","여자","계",714201.5
"광주광역시","여자","0 - 4세",18438.5
"광주광역시","여자","5 - 9세",28648.5
"광주광역시","여자","10 - 14세",35201.5
"광주광역시","여자","15 - 19세",35653.5
"광주광역시","여자","20 - 24세",41943
"광주광역시","여자","25 - 29세",47038
"광주광역시","여자","30 - 34세",43234.5
"광주광역시","여자","35 - 39세",40441
"광주광역시","여자","40 - 44세",55404.5
"광주광역시","여자","45 - 49세",56239.5
"광주광역시","여자","50 - 54세",63757
"광주광역시","여자","55 - 59세",58079.5
"광주광역시","여자","60 - 64세",53923.5
"광주광역시","여자","65 - 69세",43651
"광주광역시","여자","70 - 74세",30962
"광주광역시","여자","75 - 79세",25355.5
"광주광역시","여자","80세 이상",36230.5
"광주광역시","여자","80 - 84세",19394.5
"광주광역시","여자","85세 이상",16836
"광주광역시","여자","85 - 89세",11146
"광주광역시","여자","90 - 94세",4485
"광주광역시","여자","95 - 99세",1037.5
"광주광역시","여자","100세 이상",167.5
"대전광역시","계","계",1435455
"대전광역시","계","0 - 4세",38983
"대전광역시","계","5 - 9세",55100
"대전광역시","계","10 - 14세",67004
"대전광역시","계","15 - 19세",69569.5
"대전광역시","계","20 - 24세",89345.5
"대전광역시","계","25 - 29세",106593
"대전광역시","계","30 - 34세",100926
"대전광역시","계","35 - 39세",87762
"대전광역시","계","40 - 44세",107161.5
"대전광역시","계","45 - 49세",108196.5
"대전광역시","계","50 - 54세",126292
"대전광역시","계","55 - 59세",115769
"대전광역시","계","60 - 64세",111319.5
"대전광역시","계","65 - 69세",92072.5
"대전광역시","계","70 - 74세",59633
"대전광역시","계","75 - 79세",42708.5
"대전광역시","계","80세 이상",57019.5
"대전광역시","계","80 - 84세",31835
"대전광역시","계","85세 이상",25184.5
"대전광역시","계","85 - 89세",17520
"대전광역시","계","90 - 94세",6129.5
"대전광역시","계","95 - 99세",1327
"대전광역시","계","100세 이상",208
"대전광역시","남자","계",715008.5
"대전광역시","남자","0 - 4세",20132
"대전광역시","남자","5 - 9세",28299
"대전광역시","남자","10 - 14세",34509.5
"대전광역시","남자","15 - 19세",35948.5
"대전광역시","남자","20 - 24세",45856.5
"대전광역시","남자","25 - 29세",56461
"대전광역시","남자","30 - 34세",53880
"대전광역시","남자","35 - 39세",45999.5
"대전광역시","남자","40 - 44세",53794
"대전광역시","남자","45 - 49세",53631.5
"대전광역시","남자","50 - 54세",63085.5
"대전광역시","남자","55 - 59세",57388.5
"대전광역시","남자","60 - 64세",54307.5
"대전광역시","남자","65 - 69세",44172
"대전광역시","남자","70 - 74세",27994.5
"대전광역시","남자","75 - 79세",19131
"대전광역시","남자","80세 이상",20418
"대전광역시","남자","80 - 84세",12698
"대전광역시","남자","85세 이상",7720
"대전광역시","남자","85 - 89세",5842
"대전광역시","남자","90 - 94세",1597.5
"대전광역시","남자","95 - 99세",246.5
"대전광역시","남자","100세 이상",34
"대전광역시","여자","계",720446.5
"대전광역시","여자","0 - 4세",18851
"대전광역시","여자","5 - 9세",26801
"대전광역시","여자","10 - 14세",32494.5
"대전광역시","여자","15 - 19세",33621
"대전광역시","여자","20 - 24세",43489
"대전광역시","여자","25 - 29세",50132
"대전광역시","여자","30 - 34세",47046
"대전광역시","여자","35 - 39세",41762.5
"대전광역시","여자","40 - 44세",53367.5
"대전광역시","여자","45 - 49세",54565
"대전광역시","여자","50 - 54세",63206.5
"대전광역시","여자","55 - 59세",58380.5
"대전광역시","여자","60 - 64세",57012
"대전광역시","여자","65 - 69세",47900.5
"대전광역시","여자","70 - 74세",31638.5
"대전광역시","여자","75 - 79세",23577.5
"대전광역시","여자","80세 이상",36601.5
"대전광역시","여자","80 - 84세",19137
"대전광역시","여자","85세 이상",17464.5
"대전광역시","여자","85 - 89세",11678
"대전광역시","여자","90 - 94세",4532
"대전광역시","여자","95 - 99세",1080.5
"대전광역시","여자","100세 이상",174
"울산광역시","계","계",1097533
"울산광역시","계","0 - 4세",29102.5
"울산광역시","계","5 - 9세",46955
"울산광역시","계","10 - 14세",56143.5
"울산광역시","계","15 - 19세",53211.5
"울산광역시","계","20 - 24세",53161
"울산광역시","계","25 - 29세",66470.5
"울산광역시","계","30 - 34세",69460.5
"울산광역시","계","35 - 39세",66704.5
"울산광역시","계","40 - 44세",89261
"울산광역시","계","45 - 49세",85500.5
"울산광역시","계","50 - 54세",99820.5
"울산광역시","계","55 - 59세",103082.5
"울산광역시","계","60 - 64세",96779
"울산광역시","계","65 - 69세",74931
"울산광역시","계","70 - 74세",45885.5
"울산광역시","계","75 - 79세",28469
"울산광역시","계","80세 이상",32595
"울산광역시","계","80 - 84세",19308
"울산광역시","계","85세 이상",13287
"울산광역시","계","85 - 89세",9326
"울산광역시","계","90 - 94세",3204
"울산광역시","계","95 - 99세",677
"울산광역시","계","100세 이상",80
"울산광역시","남자","계",563827
"울산광역시","남자","0 - 4세",14778.5
"울산광역시","남자","5 - 9세",24258.5
"울산광역시","남자","10 - 14세",29021.5
"울산광역시","남자","15 - 19세",27883
"울산광역시","남자","20 - 24세",30179
"울산광역시","남자","25 - 29세",38127
"울산광역시","남자","30 - 34세",38560.5
"울산광역시","남자","35 - 39세",35630.5
"울산광역시","남자","40 - 44세",46019.5
"울산광역시","남자","45 - 49세",44000
"울산광역시","남자","50 - 54세",49532
"울산광역시","남자","55 - 59세",52080
"울산광역시","남자","60 - 64세",49369
"울산광역시","남자","65 - 69세",37185
"울산광역시","남자","70 - 74세",22532
"울산광역시","남자","75 - 79세",13446
"울산광역시","남자","80세 이상",11225
"울산광역시","남자","80 - 84세",7682
"울산광역시","남자","85세 이상",3543
"울산광역시","남자","85 - 89세",2755
"울산광역시","남자","90 - 94세",693
"울산광역시","남자","95 - 99세",85.5
"울산광역시","남자","100세 이상",9.5
"울산광역시","여자","계",533706
"울산광역시","여자","0 - 4세",14324
"울산광역시","여자","5 - 9세",22696.5
"울산광역시","여자","10 - 14세",27122
"울산광역시","여자","15 - 19세",25328.5
"울산광역시","여자","20 - 24세",22982
"울산광역시","여자","25 - 29세",28343.5
"울산광역시","여자","30 - 34세",30900
"울산광역시","여자","35 - 39세",31074
"울산광역시","여자","40 - 44세",43241.5
"울산광역시","여자","45 - 49세",41500.5
"울산광역시","여자","50 - 54세",50288.5
"울산광역시","여자","55 - 59세",51002.5
"울산광역시","여자","60 - 64세",47410
"울산광역시","여자","65 - 69세",37746
"울산광역시","여자","70 - 74세",23353.5
"울산광역시","여자","75 - 79세",15023
"울산광역시","여자","80세 이상",21370
"울산광역시","여자","80 - 84세",11626
"울산광역시","여자","85세 이상",9744
"울산광역시","여자","85 - 89세",6571
"울산광역시","여자","90 - 94세",2511
"울산광역시","여자","95 - 99세",591.5
"울산광역시","여자","100세 이상",70.5
"세종특별자치시","계","계",387775.5
"세종특별자치시","계","0 - 4세",16732.5
"세종특별자치시","계","5 - 9세",25704
"세종특별자치시","계","10 - 14세",28183
"세종특별자치시","계","15 - 19세",23416
"세종특별자치시","계","20 - 24세",17618
"세종특별자치시","계","25 - 29세",19774.5
"세종특별자치시","계","30 - 34세",27446
"세종특별자치시","계","35 - 39세",31531.5
"세종특별자치시","계","40 - 44세",40885.5
"세종특별자치시","계","45 - 49세",36034
"세종특별자치시","계","50 - 54세",32029.5
"세종특별자치시","계","55 - 59세",23570.5
"세종특별자치시","계","60 - 64세",21050.5
"세종특별자치시","계","65 - 69세",16816
"세종특별자치시","계","70 - 74세",10275
"세종특별자치시","계","75 - 79세",6803
"세종특별자치시","계","80세 이상",9906
"세종특별자치시","계","80 - 84세",5170
"세종특별자치시","계","85세 이상",4736
"세종특별자치시","계","85 - 89세",3130.5
"세종특별자치시","계","90 - 94세",1273.5
"세종특별자치시","계","95 - 99세",294.5
"세종특별자치시","계","100세 이상",37.5
"세종특별자치시","남자","계",193000.5
"세종특별자치시","남자","0 - 4세",8423.5
"세종특별자치시","남자","5 - 9세",13133.5
"세종특별자치시","남자","10 - 14세",14414
"세종특별자치시","남자","15 - 19세",11648.5
"세종특별자치시","남자","20 - 24세",9216.5
"세종특별자치시","남자","25 - 29세",9788.5
"세종특별자치시","남자","30 - 34세",13485.5
"세종특별자치시","남자","35 - 39세",15596
"세종특별자치시","남자","40 - 44세",19884
"세종특별자치시","남자","45 - 49세",18046.5
"세종특별자치시","남자","50 - 54세",16927
"세종특별자치시","남자","55 - 59세",12115
"세종특별자치시","남자","60 - 64세",10593
"세종특별자치시","남자","65 - 69세",8265.5
"세종특별자치시","남자","70 - 74세",4981
"세종특별자치시","남자","75 - 79세",3139.5
"세종특별자치시","남자","80세 이상",3343
"세종특별자치시","남자","80 - 84세",2039
"세종특별자치시","남자","85세 이상",1304
"세종특별자치시","남자","85 - 89세",974
"세종특별자치시","남자","90 - 94세",271.5
"세종특별자치시","남자","95 - 99세",54
"세종특별자치시","남자","100세 이상",4.5
"세종특별자치시","여자","계",194775
"세종특별자치시","여자","0 - 4세",8309
"세종특별자치시","여자","5 - 9세",12570.5
"세종특별자치시","여자","10 - 14세",13769
"세종특별자치시","여자","15 - 19세",11767.5
"세종특별자치시","여자","20 - 24세",8401.5
"세종특별자치시","여자","25 - 29세",9986
"세종특별자치시","여자","30 - 34세",13960.5
"세종특별자치시","여자","35 - 39세",15935.5
"세종특별자치시","여자","40 - 44세",21001.5
"세종특별자치시","여자","45 - 49세",17987.5
"세종특별자치시","여자","50 - 54세",15102.5
"세종특별자치시","여자","55 - 59세",11455.5
"세종특별자치시","여자","60 - 64세",10457.5
"세종특별자치시","여자","65 - 69세",8550.5
"세종특별자치시","여자","70 - 74세",5294
"세종특별자치시","여자","75 - 79세",3663.5
"세종특별자치시","여자","80세 이상",6563
"세종특별자치시","여자","80 - 84세",3131
"세종특별자치시","여자","85세 이상",3432
"세종특별자치시","여자","85 - 89세",2156.5
"세종특별자치시","여자","90 - 94세",1002
"세종특별자치시","여자","95 - 99세",240.5
"세종특별자치시","여자","100세 이상",33
"경기도","계","계",13598221.5
"경기도","계","0 - 4세",394776
"경기도","계","5 - 9세",569476.5
"경기도","계","10 - 14세",668766.5
"경기도","계","15 - 19세",648626.5
"경기도","계","20 - 24세",735179.5
"경기도","계","25 - 29세",915257
"경기도","계","30 - 34세",970622
"경기도","계","35 - 39세",914747.5
"경기도","계","40 - 44세",1138483
"경기도","계","45 - 49세",1083750.5
"경기도","계","50 - 54세",1220157.5
"경기도","계","55 - 59세",1108632
"경기도","계","60 - 64세",1044090
"경기도","계","65 - 69세",814930.5
"경기도","계","70 - 74세",499058
"경기도","계","75 - 79세",373354
"경기도","계","80세 이상",498314.5
"경기도","계","80 - 84세",276526.5
"경기도","계","85세 이상",221788
"경기도","계","85 - 89세",153796.5
"경기도","계","90 - 94세",53939
"경기도","계","95 - 99세",12280
"경기도","계","100세 이상",1772.5
"경기도","남자","계",6832865.5
"경기도","남자","0 - 4세",201955
"경기도","남자","5 - 9세",291533.5
"경기도","남자","10 - 14세",341919
"경기도","남자","15 - 19세",331946
"경기도","남자","20 - 24세",382275.5
"경기도","남자","25 - 29세",484396.5
"경기도","남자","30 - 34세",512647
"경기도","남자","35 - 39세",471468
"경기도","남자","40 - 44세",582173.5
"경기도","남자","45 - 49세",550305
"경기도","남자","50 - 54세",616271.5
"경기도","남자","55 - 59세",555140.5
"경기도","남자","60 - 64세",525361
"경기도","남자","65 - 69세",401711
"경기도","남자","70 - 74세",236751.5
"경기도","남자","75 - 79세",167675.5
"경기도","남자","80세 이상",179335.5
"경기도","남자","80 - 84세",110863.5
"경기도","남자","85세 이상",68472
"경기도","남자","85 - 89세",51805.5
"경기도","남자","90 - 94세",13983
"경기도","남자","95 - 99세",2318.5
"경기도","남자","100세 이상",365
"경기도","여자","계",6765356
"경기도","여자","0 - 4세",192821
"경기도","여자","5 - 9세",277943
"경기도","여자","10 - 14세",326847.5
"경기도","여자","15 - 19세",316680.5
"경기도","여자","20 - 24세",352904
"경기도","여자","25 - 29세",430860.5
"경기도","여자","30 - 34세",457975
"경기도","여자","35 - 39세",443279.5
"경기도","여자","40 - 44세",556309.5
"경기도","여자","45 - 49세",533445.5
"경기도","여자","50 - 54세",603886
"경기도","여자","55 - 59세",553491.5
"경기도","여자","60 - 64세",518729
"경기도","여자","65 - 69세",413219.5
"경기도","여자","70 - 74세",262306.5
"경기도","여자","75 - 79세",205678.5
"경기도","여자","80세 이상",318979
"경기도","여자","80 - 84세",165663
"경기도","여자","85세 이상",153316
"경기도","여자","85 - 89세",101991
"경기도","여자","90 - 94세",39956
"경기도","여자","95 - 99세",9961.5
"경기도","여자","100세 이상",1407.5
"강원특별자치도","계","계",1517359.5
"강원특별자치도","계","0 - 4세",37380
"강원특별자치도","계","5 - 9세",50906
"강원특별자치도","계","10 - 14세",62733
"강원특별자치도","계","15 - 19세",64980.5
"강원특별자치도","계","20 - 24세",76732
"강원특별자치도","계","25 - 29세",82774.5
"강원특별자치도","계","30 - 34세",81501.5
"강원특별자치도","계","35 - 39세",76467.5
"강원특별자치도","계","40 - 44세",99603
"강원특별자치도","계","45 - 49세",104029
"강원특별자치도","계","50 - 54세",128544.5
"강원특별자치도","계","55 - 59세",131558
"강원특별자치도","계","60 - 64세",145251.5
"강원특별자치도","계","65 - 69세",130879
"강원특별자치도","계","70 - 74세",81485
"강원특별자치도","계","75 - 79세",63912
"강원특별자치도","계","80세 이상",98622.5
"강원특별자치도","계","80 - 84세",54394
"강원특별자치도","계","85세 이상",44228.5
"강원특별자치도","계","85 - 89세",30741.5
"강원특별자치도","계","90 - 94세",10484.5
"강원특별자치도","계","95 - 99세",2605
"강원특별자치도","계","100세 이상",397.5
"강원특별자치도","남자","계",762647
"강원특별자치도","남자","0 - 4세",19030
"강원특별자치도","남자","5 - 9세",26053.5
"강원특별자치도","남자","10 - 14세",32276.5
"강원특별자치도","남자","15 - 19세",33898
"강원특별자치도","남자","20 - 24세",42658.5
"강원특별자치도","남자","25 - 29세",46638.5
"강원특별자치도","남자","30 - 34세",44405
"강원특별자치도","남자","35 - 39세",40060
"강원특별자치도","남자","40 - 44세",50620
"강원특별자치도","남자","45 - 49세",52930
"강원특별자치도","남자","50 - 54세",66628
"강원특별자치도","남자","55 - 59세",67375.5
"강원특별자치도","남자","60 - 64세",72896
"강원특별자치도","남자","65 - 69세",65531.5
"강원특별자치도","남자","70 - 74세",38906.5
"강원특별자치도","남자","75 - 79세",28696.5
"강원특별자치도","남자","80세 이상",34043
"강원특별자치도","남자","80 - 84세",21089.5
"강원특별자치도","남자","85세 이상",12953.5
"강원특별자치도","남자","85 - 89세",9980
"강원특별자치도","남자","90 - 94세",2440
"강원특별자치도","남자","95 - 99세",441
"강원특별자치도","남자","100세 이상",92.5
"강원특별자치도","여자","계",754712.5
"강원특별자치도","여자","0 - 4세",18350
"강원특별자치도","여자","5 - 9세",24852.5
"강원특별자치도","여자","10 - 14세",30456.5
"강원특별자치도","여자","15 - 19세",31082.5
"강원특별자치도","여자","20 - 24세",34073.5
"강원특별자치도","여자","25 - 29세",36136
"강원특별자치도","여자","30 - 34세",37096.5
"강원특별자치도","여자","35 - 39세",36407.5
"강원특별자치도","여자","40 - 44세",48983
"강원특별자치도","여자","45 - 49세",51099
"강원특별자치도","여자","50 - 54세",61916.5
"강원특별자치도","여자","55 - 59세",64182.5
"강원특별자치도","여자","60 - 64세",72355.5
"강원특별자치도","여자","65 - 69세",65347.5
"강원특별자치도","여자","70 - 74세",42578.5
"강원특별자치도","여자","75 - 79세",35215.5
"강원특별자치도","여자","80세 이상",64579.5
"강원특별자치도","여자","80 - 84세",33304.5
"강원특별자치도","여자","85세 이상",31275
"강원특별자치도","여자","85 - 89세",20761.5
"강원특별자치도","여자","90 - 94세",8044.5
"강원특별자치도","여자","95 - 99세",2164
"강원특별자치도","여자","100세 이상",305
"충청북도","계","계",1587714.5
"충청북도","계","0 - 4세",40830.5
"충청북도","계","5 - 9세",59725
"충청북도","계","10 - 14세",72122.5
"충청북도","계","15 - 19세",71496
"충청북도","계","20 - 24세",80651.5
"충청북도","계","25 - 29세",96708
"충청북도","계","30 - 34세",97529
"충청북도","계","35 - 39세",90367
"충청북도","계","40 - 44세",113403.5
"충청북도","계","45 - 49세",113322
"충청북도","계","50 - 54세",134061.5
"충청북도","계","55 - 59세",137561
"충청북도","계","60 - 64세",139746.5
"충청북도","계","65 - 69세",120511
"충청북도","계","70 - 74세",76521
"충청북도","계","75 - 79세",55524
"충청북도","계","80세 이상",87634.5
"충청북도","계","80 - 84세",47210.5
"충청북도","계","85세 이상",40424
"충청북도","계","85 - 89세",28400.5
"충청북도","계","90 - 94세",9763.5
"충청북도","계","95 - 99세",1998
"충청북도","계","100세 이상",262
"충청북도","남자","계",807333
"충청북도","남자","0 - 4세",20984
"충청북도","남자","5 - 9세",30608.5
"충청북도","남자","10 - 14세",36928.5
"충청북도","남자","15 - 19세",37223.5
"충청북도","남자","20 - 24세",43989.5
"충청북도","남자","25 - 29세",54089.5
"충청북도","남자","30 - 34세",54944.5
"충청북도","남자","35 - 39세",48095
"충청북도","남자","40 - 44세",58970
"충청북도","남자","45 - 49세",58612
"충청북도","남자","50 - 54세",69311
"충청북도","남자","55 - 59세",70173
"충청북도","남자","60 - 64세",71365
"충청북도","남자","65 - 69세",60375.5
"충청북도","남자","70 - 74세",36972
"충청북도","남자","75 - 79세",25199.5
"충청북도","남자","80세 이상",29492
"충청북도","남자","80 - 84세",17972.5
"충청북도","남자","85세 이상",11519.5
"충청북도","남자","85 - 89세",8920.5
"충청북도","남자","90 - 94세",2192.5
"충청북도","남자","95 - 99세",367.5
"충청북도","남자","100세 이상",39
"충청북도","여자","계",780381.5
"충청북도","여자","0 - 4세",19846.5
"충청북도","여자","5 - 9세",29116.5
"충청북도","여자","10 - 14세",35194
"충청북도","여자","15 - 19세",34272.5
"충청북도","여자","20 - 24세",36662
"충청북도","여자","25 - 29세",42618.5
"충청북도","여자","30 - 34세",42584.5
"충청북도","여자","35 - 39세",42272
"충청북도","여자","40 - 44세",54433.5
"충청북도","여자","45 - 49세",54710
"충청북도","여자","50 - 54세",64750.5
"충청북도","여자","55 - 59세",67388
"충청북도","여자","60 - 64세",68381.5
"충청북도","여자","65 - 69세",60135.5
"충청북도","여자","70 - 74세",39549
"충청북도","여자","75 - 79세",30324.5
"충청북도","여자","80세 이상",58142.5
"충청북도","여자","80 - 84세",29238
"충청북도","여자","85세 이상",28904.5
"충청북도","여자","85 - 89세",19480
"충청북도","여자","90 - 94세",7571
"충청북도","여자","95 - 99세",1630.5
"충청북도","여자","100세 이상",223
"충청남도","계","계",2126611.5
"충청남도","계","0 - 4세",55554.5
"충청남도","계","5 - 9세",83955
"충청남도","계","10 - 14세",102006.5
"충청남도","계","15 - 19세",99761.5
"충청남도","계","20 - 24세",105091
"충청남도","계","25 - 29세",117390
"충청남도","계","30 - 34세",124550.5
"충청남도","계","35 - 39세",126252
"충청남도","계","40 - 44세",162210
"충청남도","계","45 - 49세",157250.5
"충청남도","계","50 - 54세",178301
"충청남도","계","55 - 59세",171499.5
"충청남도","계","60 - 64세",178590
"충청남도","계","65 - 69세",150293
"충청남도","계","70 - 74세",104020
"충청남도","계","75 - 79세",79108.5
"충청남도","계","80세 이상",130778
"충청남도","계","80 - 84세",66802.5
"충청남도","계","85세 이상",63975.5
"충청남도","계","85 - 89세",43902
"충청남도","계","90 - 94세",16309
"충청남도","계","95 - 99세",3282
"충청남도","계","100세 이상",482.5
"충청남도","남자","계",1089617
"충청남도","남자","0 - 4세",28546.5
"충청남도","남자","5 - 9세",43026.5
"충청남도","남자","10 - 14세",52582.5
"충청남도","남자","15 - 19세",51677
"충청남도","남자","20 - 24세",56986.5
"충청남도","남자","25 - 29세",66544.5
"충청남도","남자","30 - 34세",68917.5
"충청남도","남자","35 - 39세",67657
"충청남도","남자","40 - 44세",86222
"충청남도","남자","45 - 49세",83571.5
"충청남도","남자","50 - 54세",95439.5
"충청남도","남자","55 - 59세",90143.5
"충청남도","남자","60 - 64세",92143.5
"충청남도","남자","65 - 69세",75261.5
"충청남도","남자","70 - 74세",50033.5
"충청남도","남자","75 - 79세",36521
"충청남도","남자","80세 이상",44343
"충청남도","남자","80 - 84세",25527
"충청남도","남자","85세 이상",18816
"충청남도","남자","85 - 89세",14026
"충청남도","남자","90 - 94세",4099.5
"충청남도","남자","95 - 99세",621.5
"충청남도","남자","100세 이상",69
"충청남도","여자","계",1036994.5
"충청남도","여자","0 - 4세",27008
"충청남도","여자","5 - 9세",40928.5
"충청남도","여자","10 - 14세",49424
"충청남도","여자","15 - 19세",48084.5
"충청남도","여자","20 - 24세",48104.5
"충청남도","여자","25 - 29세",50845.5
"충청남도","여자","30 - 34세",55633
"충청남도","여자","35 - 39세",58595
"충청남도","여자","40 - 44세",75988
"충청남도","여자","45 - 49세",73679
"충청남도","여자","50 - 54세",82861.5
"충청남도","여자","55 - 59세",81356
"충청남도","여자","60 - 64세",86446.5
"충청남도","여자","65 - 69세",75031.5
"충청남도","여자","70 - 74세",53986.5
"충청남도","여자","75 - 79세",42587.5
"충청남도","여자","80세 이상",86435
"충청남도","여자","80 - 84세",41275.5
"충청남도","여자","85세 이상",45159.5
"충청남도","여자","85 - 89세",29876
"충청남도","여자","90 - 94세",12209.5
"충청남도","여자","95 - 99세",2660.5
"충청남도","여자","100세 이상",413.5
"전북특별자치도","계","계",1741636
"전북특별자치도","계","0 - 4세",37870.5
"전북특별자치도","계","5 - 9세",60876.5
"전북특별자치도","계","10 - 14세",80009
"전북특별자치도","계","15 - 19세",82727
"전북특별자치도","계","20 - 24세",91248
"전북특별자치도","계","25 - 29세",94378.5
"전북특별자치도","계","30 - 34세",88074.5
"전북특별자치도","계","35 - 39세",84141.5
"전북특별자치도","계","40 - 44세",114535.5
"전북특별자치도","계","45 - 49세",124108.5
"전북특별자치도","계","50 - 54세",151320
"전북특별자치도","계","55 - 59세",148700
"전북특별자치도","계","60 - 64세",153261.5
"전북특별자치도","계","65 - 69세",132657
"전북특별자치도","계","70 - 74세",97357
"전북특별자치도","계","75 - 79세",78152
"전북특별자치도","계","80세 이상",122219
"전북특별자치도","계","80 - 84세",64609.5
"전북특별자치도","계","85세 이상",57609.5
"전북특별자치도","계","85 - 89세",39460.5
"전북특별자치도","계","90 - 94세",14619.5
"전북특별자치도","계","95 - 99세",3078
"전북특별자치도","계","100세 이상",451.5
"전북특별자치도","남자","계",866774.5
"전북특별자치도","남자","0 - 4세",19171.5
"전북특별자치도","남자","5 - 9세",31256
"전북특별자치도","남자","10 - 14세",41155
"전북특별자치도","남자","15 - 19세",43016.5
"전북특별자치도","남자","20 - 24세",49403
"전북특별자치도","남자","25 - 29세",51370.5
"전북특별자치도","남자","30 - 34세",46714
"전북특별자치도","남자","35 - 39세",43082
"전북특별자치도","남자","40 - 44세",58418.5
"전북특별자치도","남자","45 - 49세",63671
"전북특별자치도","남자","50 - 54세",78727
"전북특별자치도","남자","55 - 59세",76940.5
"전북특별자치도","남자","60 - 64세",77380.5
"전북특별자치도","남자","65 - 69세",65518.5
"전북특별자치도","남자","70 - 74세",46098
"전북특별자치도","남자","75 - 79세",34747
"전북특별자치도","남자","80세 이상",40105
"전북특별자치도","남자","80 - 84세",23892
"전북특별자치도","남자","85세 이상",16213
"전북특별자치도","남자","85 - 89세",12230
"전북특별자치도","남자","90 - 94세",3391
"전북특별자치도","남자","95 - 99세",538
"전북특별자치도","남자","100세 이상",54
"전북특별자치도","여자","계",874861.5
"전북특별자치도","여자","0 - 4세",18699
"전북특별자치도","여자","5 - 9세",29620.5
"전북특별자치도","여자","10 - 14세",38854
"전북특별자치도","여자","15 - 19세",39710.5
"전북특별자치도","여자","20 - 24세",41845
"전북특별자치도","여자","25 - 29세",43008
"전북특별자치도","여자","30 - 34세",41360.5
"전북특별자치도","여자","35 - 39세",41059.5
"전북특별자치도","여자","40 - 44세",56117
"전북특별자치도","여자","45 - 49세",60437.5
"전북특별자치도","여자","50 - 54세",72593
"전북특별자치도","여자","55 - 59세",71759.5
"전북특별자치도","여자","60 - 64세",75881
"전북특별자치도","여자","65 - 69세",67138.5
"전북특별자치도","여자","70 - 74세",51259
"전북특별자치도","여자","75 - 79세",43405
"전북특별자치도","여자","80세 이상",82114
"전북특별자치도","여자","80 - 84세",40717.5
"전북특별자치도","여자","85세 이상",41396.5
"전북특별자치도","여자","85 - 89세",27230.5
"전북특별자치도","여자","90 - 94세",11228.5
"전북특별자치도","여자","95 - 99세",2540
"전북특별자치도","여자","100세 이상",397.5
"전라남도","계","계",1792325
"전라남도","계","0 - 4세",42598
"전라남도","계","5 - 9세",61904
"전라남도","계","10 - 14세",78973.5
"전라남도","계","15 - 19세",78616
"전라남도","계","20 - 24세",83562
"전라남도","계","25 - 29세",89806
"전라남도","계","30 - 34세",85269
"전라남도","계","35 - 39세",83579
"전라남도","계","40 - 44세",115102
"전라남도","계","45 - 49세",120720.5
"전라남도","계","50 - 54세",149841
"전라남도","계","55 - 59세",158196
"전라남도","계","60 - 64세",166026.5
"전라남도","계","65 - 69세",141845
"전라남도","계","70 - 74세",104656
"전라남도","계","75 - 79세",87789
"전라남도","계","80세 이상",143841.5
"전라남도","계","80 - 84세",77397.5
"전라남도","계","85세 이상",66444
"전라남도","계","85 - 89세",45987.5
"전라남도","계","90 - 94세",16512.5
"전라남도","계","95 - 99세",3386
"전라남도","계","100세 이상",558
"전라남도","남자","계",903382
"전라남도","남자","0 - 4세",21618
"전라남도","남자","5 - 9세",31746.5
"전라남도","남자","10 - 14세",40380.5
"전라남도","남자","15 - 19세",40600
"전라남도","남자","20 - 24세",46804.5
"전라남도","남자","25 - 29세",50219
"전라남도","남자","30 - 34세",45754
"전라남도","남자","35 - 39세",43414
"전라남도","남자","40 - 44세",60642.5
"전라남도","남자","45 - 49세",64242
"전라남도","남자","50 - 54세",80656.5
"전라남도","남자","55 - 59세",85255.5
"전라남도","남자","60 - 64세",86432.5
"전라남도","남자","65 - 69세",71929
"전라남도","남자","70 - 74세",50321
"전라남도","남자","75 - 79세",38724.5
"전라남도","남자","80세 이상",44642
"전라남도","남자","80 - 84세",27686.5
"전라남도","남자","85세 이상",16955.5
"전라남도","남자","85 - 89세",12906
"전라남도","남자","90 - 94세",3416.5
"전라남도","남자","95 - 99세",564.5
"전라남도","남자","100세 이상",68.5
"전라남도","여자","계",888943
"전라남도","여자","0 - 4세",20980
"전라남도","여자","5 - 9세",30157.5
"전라남도","여자","10 - 14세",38593
"전라남도","여자","15 - 19세",38016
"전라남도","여자","20 - 24세",36757.5
"전라남도","여자","25 - 29세",39587
"전라남도","여자","30 - 34세",39515
"전라남도","여자","35 - 39세",40165
"전라남도","여자","40 - 44세",54459.5
"전라남도","여자","45 - 49세",56478.5
"전라남도","여자","50 - 54세",69184.5
"전라남도","여자","55 - 59세",72940.5
"전라남도","여자","60 - 64세",79594
"전라남도","여자","65 - 69세",69916
"전라남도","여자","70 - 74세",54335
"전라남도","여자","75 - 79세",49064.5
"전라남도","여자","80세 이상",99199.5
"전라남도","여자","80 - 84세",49711
"전라남도","여자","85세 이상",49488.5
"전라남도","여자","85 - 89세",33081.5
"전라남도","여자","90 - 94세",13096
"전라남도","여자","95 - 99세",2821.5
"전라남도","여자","100세 이상",489.5
"경상북도","계","계",2535499
"경상북도","계","0 - 4세",57342
"경상북도","계","5 - 9세",88695.5
"경상북도","계","10 - 14세",108378
"경상북도","계","15 - 19세",108032.5
"경상북도","계","20 - 24세",116148.5
"경상북도","계","25 - 29세",125401.5
"경상북도","계","30 - 34세",128051
"경상북도","계","35 - 39세",128377.5
"경상북도","계","40 - 44세",172591.5
"경상북도","계","45 - 49세",176307
"경상북도","계","50 - 54세",215375
"경상북도","계","55 - 59세",225597.5
"경상북도","계","60 - 64세",241390
"경상북도","계","65 - 69세",210747
"경상북도","계","70 - 74세",151910
"경상북도","계","75 - 79세",106689
"경상북도","계","80세 이상",174465.5
"경상북도","계","80 - 84세",94178
"경상북도","계","85세 이상",80287.5
"경상북도","계","85 - 89세",56004
"경상북도","계","90 - 94세",19719.5
"경상북도","계","95 - 99세",4022.5
"경상북도","계","100세 이상",541.5
"경상북도","남자","계",1280919.5
"경상북도","남자","0 - 4세",29472.5
"경상북도","남자","5 - 9세",45598.5
"경상북도","남자","10 - 14세",56235.5
"경상북도","남자","15 - 19세",56936.5
"경상북도","남자","20 - 24세",66168.5
"경상북도","남자","25 - 29세",72253.5
"경상북도","남자","30 - 34세",71196.5
"경상북도","남자","35 - 39세",68554
"경상북도","남자","40 - 44세",89754
"경상북도","남자","45 - 49세",91711.5
"경상북도","남자","50 - 54세",112105.5
"경상북도","남자","55 - 59세",116181.5
"경상북도","남자","60 - 64세",123071.5
"경상북도","남자","65 - 69세",105121
"경상북도","남자","70 - 74세",72402
"경상북도","남자","75 - 79세",48135.5
"경상북도","남자","80세 이상",56021.5
"경상북도","남자","80 - 84세",34405
"경상북도","남자","85세 이상",21616.5
"경상북도","남자","85 - 89세",16524
"경상북도","남자","90 - 94세",4390
"경상북도","남자","95 - 99세",649.5
"경상북도","남자","100세 이상",53
"경상북도","여자","계",1254579.5
"경상북도","여자","0 - 4세",27869.5
"경상북도","여자","5 - 9세",43097
"경상북도","여자","10 - 14세",52142.5
"경상북도","여자","15 - 19세",51096
"경상북도","여자","20 - 24세",49980
"경상북도","여자","25 - 29세",53148
"경상북도","여자","30 - 34세",56854.5
"경상북도","여자","35 - 39세",59823.5
"경상북도","여자","40 - 44세",82837.5
"경상북도","여자","45 - 49세",84595.5
"경상북도","여자","50 - 54세",103269.5
"경상북도","여자","55 - 59세",109416
"경상북도","여자","60 - 64세",118318.5
"경상북도","여자","65 - 69세",105626
"경상북도","여자","70 - 74세",79508
"경상북도","여자","75 - 79세",58553.5
"경상북도","여자","80세 이상",118444
"경상북도","여자","80 - 84세",59773
"경상북도","여자","85세 이상",58671
"경상북도","여자","85 - 89세",39480
"경상북도","여자","90 - 94세",15329.5
"경상북도","여자","95 - 99세",3373
"경상북도","여자","100세 이상",488.5
"경상남도","계","계",3229883
"경상남도","계","0 - 4세",75799.5
"경상남도","계","5 - 9세",127639.5
"경상남도","계","10 - 14세",160116
"경상남도","계","15 - 19세",154731
"경상남도","계","20 - 24세",150280.5
"경상남도","계","25 - 29세",163370
"경상남도","계","30 - 34세",171442.5
"경상남도","계","35 - 39세",175328.5
"경상남도","계","40 - 44세",247315.5
"경상남도","계","45 - 49세",247629
"경상남도","계","50 - 54세",293830
"경상남도","계","55 - 59세",287176
"경상남도","계","60 - 64세",289700.5
"경상남도","계","65 - 69세",243466.5
"경상남도","계","70 - 74세",161668
"경상남도","계","75 - 79세",114664.5
"경상남도","계","80세 이상",165725.5
"경상남도","계","80 - 84세",90947
"경상남도","계","85세 이상",74778.5
"경상남도","계","85 - 89세",52023
"경상남도","계","90 - 94세",18641
"경상남도","계","95 - 99세",3678.5
"경상남도","계","100세 이상",436
"경상남도","남자","계",1626093.5
"경상남도","남자","0 - 4세",38941
"경상남도","남자","5 - 9세",65766
"경상남도","남자","10 - 14세",82576.5
"경상남도","남자","15 - 19세",80642
"경상남도","남자","20 - 24세",85074
"경상남도","남자","25 - 29세",91511.5
"경상남도","남자","30 - 34세",92745
"경상남도","남자","35 - 39세",91339.5
"경상남도","남자","40 - 44세",126986.5
"경상남도","남자","45 - 49세",127129
"경상남도","남자","50 - 54세",150733
"경상남도","남자","55 - 59세",145719
"경상남도","남자","60 - 64세",146022.5
"경상남도","남자","65 - 69세",120746.5
"경상남도","남자","70 - 74세",77200
"경상남도","남자","75 - 79세",51127.5
"경상남도","남자","80세 이상",51834
"경상남도","남자","80 - 84세",32746
"경상남도","남자","85세 이상",19088
"경상남도","남자","85 - 89세",14740
"경상남도","남자","90 - 94세",3756.5
"경상남도","남자","95 - 99세",535
"경상남도","남자","100세 이상",56.5
"경상남도","여자","계",1603789.5
"경상남도","여자","0 - 4세",36858.5
"경상남도","여자","5 - 9세",61873.5
"경상남도","여자","10 - 14세",77539.5
"경상남도","여자","15 - 19세",74089
"경상남도","여자","20 - 24세",65206.5
"경상남도","여자","25 - 29세",71858.5
"경상남도","여자","30 - 34세",78697.5
"경상남도","여자","35 - 39세",83989
"경상남도","여자","40 - 44세",120329
"경상남도","여자","45 - 49세",120500
"경상남도","여자","50 - 54세",143097
"경상남도","여자","55 - 59세",141457
"경상남도","여자","60 - 64세",143678
"경상남도","여자","65 - 69세",122720
"경상남도","여자","70 - 74세",84468
"경상남도","여자","75 - 79세",63537
"경상남도","여자","80세 이상",113891.5
"경상남도","여자","80 - 84세",58201
"경상남도","여자","85세 이상",55690.5
"경상남도","여자","85 - 89세",37283
"경상남도","여자","90 - 94세",14884.5
"경상남도","여자","95 - 99세",3143.5
"경상남도","여자","100세 이상",379.5
"제주특별자치도","계","계",669051
"제주특별자치도","계","0 - 4세",19015.5
"제주특별자치도","계","5 - 9세",30538.5
"제주특별자치도","계","10 - 14세",36391.5
"제주특별자치도","계","15 - 19세",33906.5
"제주특별자치도","계","20 - 24세",34026
"제주특별자치도","계","25 - 29세",37818.5
"제주특별자치도","계","30 - 34세",39397
"제주특별자치도","계","35 - 39세",38122
"제주특별자치도","계","40 - 44세",53668.5
"제주특별자치도","계","45 - 49세",52562
"제주특별자치도","계","50 - 54세",61888
"제주특별자치도","계","55 - 59세",56014.5
"제주특별자치도","계","60 - 64세",52469
"제주특별자치도","계","65 - 69세",42162.5
"제주특별자치도","계","70 - 74세",26465
"제주특별자치도","계","75 - 79세",22120.5
"제주특별자치도","계","80세 이상",32485.5
"제주특별자치도","계","80 - 84세",16671.5
"제주특별자치도","계","85세 이상",15814
"제주특별자치도","계","85 - 89세",10329.5
"제주특별자치도","계","90 - 94세",4374
"제주특별자치도","계","95 - 99세",857
"제주특별자치도","계","100세 이상",253.5
"제주특별자치도","남자","계",334636.5
"제주특별자치도","남자","0 - 4세",9720
"제주특별자치도","남자","5 - 9세",15697.5
"제주특별자치도","남자","10 - 14세",18649.5
"제주특별자치도","남자","15 - 19세",17664
"제주특별자치도","남자","20 - 24세",18434.5
"제주특별자치도","남자","25 - 29세",19857.5
"제주특별자치도","남자","30 - 34세",20300.5
"제주특별자치도","남자","35 - 39세",19014.5
"제주특별자치도","남자","40 - 44세",26773
"제주특별자치도","남자","45 - 49세",27039.5
"제주특별자치도","남자","50 - 54세",31888.5
"제주특별자치도","남자","55 - 59세",29070
"제주특별자치도","남자","60 - 64세",26591
"제주특별자치도","남자","65 - 69세",20821
"제주특별자치도","남자","70 - 74세",12424
"제주특별자치도","남자","75 - 79세",9969.5
"제주특별자치도","남자","80세 이상",10722
"제주특별자치도","남자","80 - 84세",6477
"제주특별자치도","남자","85세 이상",4245
"제주특별자치도","남자","85 - 89세",3220
"제주특별자치도","남자","90 - 94세",914
"제주특별자치도","남자","95 - 99세",97
"제주특별자치도","남자","100세 이상",14
"제주특별자치도","여자","계",334414.5
"제주특별자치도","여자","0 - 4세",9295.5
"제주특별자치도","여자","5 - 9세",14841
"제주특별자치도","여자","10 - 14세",17742
"제주특별자치도","여자","15 - 19세",16242.5
"제주특별자치도","여자","20 - 24세",15591.5
"제주특별자치도","여자","25 - 29세",17961
"제주특별자치도","여자","30 - 34세",19096.5
"제주특별자치도","여자","35 - 39세",19107.5
"제주특별자치도","여자","40 - 44세",26895.5
"제주특별자치도","여자","45 - 49세",25522.5
"제주특별자치도","여자","50 - 54세",29999.5
"제주특별자치도","여자","55 - 59세",26944.5
"제주특별자치도","여자","60 - 64세",25878
"제주특별자치도","여자","65 - 69세",21341.5
"제주특별자치도","여자","70 - 74세",14041
"제주특별자치도","여자","75 - 79세",12151
"제주특별자치도","여자","80세 이상",21763.5
"제주특별자치도","여자","80 - 84세",10194.5
"제주특별자치도","여자","85세 이상",11569
"제주특별자치도","여자","85 - 89세",7109.5
"제주특별자치도","여자","90 - 94세",3460
"제주특별자치도","여자","95 - 99세",760
"제주특별자치도","여자","100세 이상",239.5
